Workbook

Sheet الملخص والمؤشرات
A1: لوحة المؤشرات والملخص المالي العام (Kakeibo Dashboard)
A4: المؤشرات الرئيسية: | B4: إجمالي الدخل | C4: مبلغ الادخار المقتطع | D4: إجمالي الإنفاق (ثابت + متغير) | E4: الرصيد المتبقي بالصندوق
B5: ='الميزانية الشهرية'!C6+'الميزانية الشهرية'!C7 -> 1,846.00 د.أ | C5: ='الميزانية الشهرية'!C8 -> 0.00 د.أ | D5: ='الميزانية الشهرية'!C18+'الميزانية الشهرية'!D26 -> 850.50 د.أ | E5: ='الميزانية الشهرية'!C6+'الميزانية الشهرية'!C7-'الميزانية الشهرية'!C8-C5 -> 1,846.00 د.أ
A8: ملخص توزيع المصروفات وحالة الميزانية:
A9: الفئة / البند | B9: الميزانية المحددة | C9: الإنفاق الفعلي | D9: الفارق (المتبقي) | E9: نسبة الإنجاز/الاستهلاك
A10: الادخار المستهدف | B10: ='الميزانية الشهرية'!B8 -> 100.00 د.أ | C10: ='الميزانية الشهرية'!C8 -> 0.00 د.أ | D10: =C10-B10 -> -100.00 د.أ | E10: =C10/B10 -> 0.0%
A11: المصاريف الثابتة | B11: ='الميزانية الشهرية'!B18 -> 603.00 د.أ | C11: ='الميزانية الشهرية'!C18 -> 603.00 د.أ | D11: =B11-C11 -> 0.00 د.أ | E11: =C11/B11 -> 100.0%
A12: الاحتياجات الأساسية (Needs) | B12: ='الميزانية الشهرية'!C22 -> 250.00 د.أ | C12: ='الميزانية الشهرية'!D22 -> 127.00 د.أ | D12: =B12-C12 -> 123.00 د.أ | E12: =C12/B12 -> 50.8%
A13: الكماليات والرغبات (Wants) | B13: ='الميزانية الشهرية'!C23 -> 120.00 د.أ | C13: ='الميزانية الشهرية'!D23 -> 68.50 د.أ | D13: =B13-C13 -> 51.50 د.أ | E13: =C13/B13 -> 57.1%
A14: الثقافة والترفيه (Culture) | B14: ='الميزانية الشهرية'!C24 -> 50.00 د.أ | C14: ='الميزانية الشهرية'!D24 -> 37.00 د.أ | D14: =B14-C14 -> 13.00 د.أ | E14: =C14/B14 -> 74.0%
A15: المصاريف الطارئة (Extra) | B15: ='الميزانية الشهرية'!C25 -> 80.00 د.أ | C15: ='الميزانية الشهرية'!D25 -> 15.00 د.أ | D15: =B15-C15 -> 65.00 د.أ | E15: =C15/B15 -> 18.8%

Sheet الميزانية الشهرية
A1: جدول تخطيط الميزانية الشهرية (نظام Kakeibo)
A4: أولاً: الدخل والادخار المستهدف
A5: البند | B5: المبلغ المخطط | C5: المبلغ الفعلي | D5: الفارق | E5: نسبة الإنجاز | F5: ملاحظات
A6: إجمالي الدخل الشهر الأساسي | B6: 1400 | C6: 1400 | D6: =C6-B6 -> 0.00 د.أ | E6: =C6/B6 -> 100.0% | F6: الراتب الرئيسي
A7: مداخيل إضافية / حوافز | B7: 446 | C7: 446 | D7: =C7-B7 -> 0.00 د.أ | E7: =IF(B7>0,C7/B7,1) -> 100.0% | F7: عمل إضافي
A8: هدف الادخار المقتطع فوراً (Kakeibo) | B8: 100 | C8: 0 | D8: =C8-B8 -> -100.00 د.أ | E8: =C8/B8 -> 0.0% | F8: ادخار في بداية الشهر (20%)
A9: الصافي المتاح للإنفاق | B9: =B6+B7-B8 -> 1,746.00 د.أ | C9: =C6+C7-C8 -> 1,846.00 د.أ | D9: =C9-B9 -> 100.00 د.أ | E9: =C9/B9 -> 105.7% | F9: المبلغ المتبقي للنفقات الثابتة والمتغيرة
A11: ثانياً: الالتزامات والمصاريف الثابتة
A12: البند | B12: الميزانية المحددة | C12: الإنفاق الفعلي | D12: الفارق | E12: تاريخ الاستحقاق | F12: حالة الدفع
A13: قرض السكن / القسط السيارة | B13: 312 | C13: 312 | D13: =B13-C13 -> 0.00 د.أ | E13: 24 بالشهر | F13: تم الدفع
A14: فواتير (كهرباء وماء) | B14: 50 | C14: 50 | D14: =B14-C14 -> 0.00 د.أ | E14: 25 بالشهر | F14: تم الدفع
A15: اشتراك الإنترنت والموبايل | B15: 13 | C15: 13 | D15: =B15-C15 -> 0.00 د.أ | E15: 16 بالشهر | F15: تم الدفع
A16: سلفة/قرض اثاث / تأمين | B16: 108 | C16: 108 | D16: =B16-C16 -> 0.00 د.أ | E16: 23 بالشهر | F16: تم الدفع
A17: رسوم واشتراكات تعليمية/مدرسة بنات | B17: 120 | C17: 120 | D17: =B17-C17 -> 0.00 د.أ | E17: 25 بالشهر | F17: تم الدفع
A18: إجمالي المصاريف الثابتة | B18: =SUM(B13:B17) -> 603.00 د.أ | C18: =SUM(C13:C17) -> 603.00 د.أ | D18: =B18-C18 -> 0.00 د.أ | E18: - | F18: -
A20: ثالثاً: المصاريف المتغيرة (فئات كاكيبو الأربع)
A21: فئة Kakeibo | B21: أمثلة البنود | C21: الميزانية المحددة | D21: الإنفاق الفعلي (مستورد) | E21: الفارق | F21: نسبة الاستهلاك
A22: الاحتياجات الأساسية (Needs) | B22: طعام، بقالة، مواصلات، أدوية، وقود | C22: 250 | D22: =SUMIF('سجل المصروفات اليومي'!E:E, "الاحتياجات الأساسية", 'سجل المصروفات اليومي'!G:G) -> 127.00 د.أ | E22: =C22-D22 -> 123.00 د.أ | F22: =D22/C22 -> 50.8%
A23: الكماليات والرغبات (Wants) | B23: مطاعم، تسوق، مقاهي، ملابس | C23: 120 | D23: =SUMIF('سجل المصروفات اليومي'!E:E, "الكماليات والرغبات", 'سجل المصروفات اليومي'!G:G) -> 68.50 د.أ | E23: =C23-D23 -> 51.50 د.أ | F23: =D23/C23 -> 57.1%
A24: الثقافة والترفيه (Culture) | B24: كتب، دورات، سينما، رحلات | C24: 50 | D24: =SUMIF('سجل المصروفات اليومي'!E:E, "الثقافة والترفيه", 'سجل المصروفات اليومي'!G:G) -> 37.00 د.أ | E24: =C24-D24 -> 13.00 د.أ | F24: =D24/C24 -> 74.0%
A25: المصاريف الطارئة (Extra) | B25: صيانة منزل/سيارة، هدايا طارئة | C25: 80 | D25: =SUMIF('سجل المصروفات اليومي'!E:E, "المصاريف الطارئة", 'سجل المصروفات اليومي'!G:G) -> 15.00 د.أ | E25: =C25-D25 -> 65.00 د.أ | F25: =D25/C25 -> 18.8%
A26: إجمالي المصاريف المتغيرة | B26: مجموع الفئات الأربع | C26: =SUM(C22:C25) -> 500.00 د.أ | D26: =SUM(D22:D25) -> 247.50 د.أ | E26: =C26-D26 -> 252.50 د.أ | F26: =D26/C26 -> 49.5%

Sheet سجل المصروفات اليومي
A1: سجل متابعة المصروفات اليومية (Daily Expense Tracker)
A4: م | B4: التاريخ | C4: اليوم | D4: البند / التفاصيل | E4: فئة Kakeibo | F4: طريقة الدفع | G4: المبلغ (د.أ) | H4: ملاحظات
A5: 1 | B5: 2026-09-01 | C5: الثلاثاء | D5: شراء خضار وفواكه وبقالة | E5: الاحتياجات الأساسية | F5: نقدي | G5: 35.5 | H5: تسوق أسبوعي
A6: 2 | B6: 2026-09-01 | C6: الثلاثاء | D6: قهوة ومشروبات مع صديق | E6: الكماليات والرغبات | F6: بطاقة | G6: 4.5 | H6: مقهى
A7: 3 | B7: 2026-09-02 | C7: الأربعاء | D7: تعبئة بنزين للسيارة | E7: الاحتياجات الأساسية | F7: نقدي | G7: 25 | H7: وقود
A8: 4 | B8: 2026-09-03 | C8: الخميس | D8: شراء كتاب تطوير ذات | E8: الثقافة والترفيه | F8: بطاقة | G8: 12 | H8: مكتبة
A9: 5 | B9: 2026-09-04 | C9: الجمعة | D9: عشاء مطعم مع العائلة | E9: الكماليات والرغبات | F9: بطاقة | G9: 42 | H9: مطعم
A10: 6 | B10: 2026-09-05 | C10: السبت | D10: تصليح حنفية المطبخ | E10: المصاريف الطارئة | F10: نقدي | G10: 15 | H10: صيانة منزلية
A11: 7 | B11: 2026-09-06 | C11: الأحد | D11: شراء أدوية من الصيدلية | E11: الاحتياجات الأساسية | F11: نقدي | G11: 18.5 | H11: صيدلية
A12: 8 | B12: 2026-09-07 | C12: الإثنين | D12: اشتراك دورة تعليمية أونلاين | E12: الثقافة والترفيه | F12: بطاقة | G12: 25 | H12: تعليم
A13: 9 | B13: 2026-09-08 | C13: الثلاثاء | D13: مستلزمات منزلية وبقالة | E13: الاحتياجات الأساسية | F13: بطاقة | G13: 48 | H13: سوبرماركت
A14: 10 | B14: 2026-09-09 | C14: الأربعاء | D14: شراء قميص جديد | E14: الكماليات والرغبات | F14: بطاقة | G14: 22 | H14: ملابس
A15: 11
A16: 12
A17: 13
A18: 14
A19: 15
A20: 16
A21: 17
A22: 18
A23: 19
A24: 20
A25: 21
A26: 22
... A40: 36
A41: الإجمالي | B41: - | C41: - | D41: - | E41: - | F41: - | G41: =SUM(G5:G40) -> 247.50 د.أ | H41: مجموع المصاريف اليومية

Sheet اغراض البيت
A2: اغراض البيت
A4: الغرض | B4: تحديد | C4: ملاحظات
A5: رز امريكي
A6: رز كبسة
A7: سكر
A8: طحين
A9: زيت قلي
A10: بيض
A11: حليب نيدو
A12: عدس حب
A13: عدس مجروش
A14: فاصوليا بيضاء
A15: فريكه ناعمة
A16: فريكه خشنة
... A115: سيترس

Sheet تأمل وتقييم الشهر
A1: صفحة التأمل والتقييم الشهري (أسئلة Kakeibo الأربعة)
A4: هدف طريقة كاكيبو اليابانية ليس فقط تتبع الأموال، بل زيادة الوعي بالإنفاق وتطوير العادات المالية.
A6: م | B6: سؤال التقييم الشهري | C6: الإجابة والتأمل الذاتي | D6: الخطوات العملية للشهر القادم
A7: 1 | B7: 1. كم المبلغ الذي نجحت في ادخاره هذا الشهر؟ وهل حققت الهدف؟ | C7: تم ادخار المبلغ المستهدف بالكامل بمجرد استلام الدخل. | D7: الاستمرار بقطع مبلغ الادخار آلياً بداية الشهر.
A8: 2 | B8: 2. ما هي الفئة التي استهلكت الجزء الأكثر من الميزانية المتغيرة؟ | C8: فئة الاحتياجات الأساسية (البقالة والمستلزمات). | D8: إعداد قائمة تسوق محددة قبل الذهاب للسوبرماركت.
A9: 3 | B9: 3. ما هي المصاريف التي كان يمكن الاستغناء عنها أو تقليلها؟ | C9: المصاريف على المطاعم والقهوة الخارجية (الكماليات). | D9: تحديد حد أقصى مرتين أسبوعياً للمطاعم والمقاهي.
A10: 4 | B10: 4. ما هي خطتك وتحسيناتك الماليّة للشهر القادم؟ | C10: زيادة نسبة ادخار الترفيه وتخصيص مبلغ أكبر للثقافة والدورات. | D10: التخطيط المسبق للرحلات والمصاريف الترفيهية.
